"","","","","","","","","","","","","",""
"Sr no","User Id","User Name","Email","First name","Last Name","Address","City","House Number","Postal code","Telephone number","Created at","Status","Last Logged-in At"
"1","1","lang.delbert","reese91@example.com","Desmond","West","24191 Tromp Overpass Lake Deshaun, SD 50827-4642","West Norma","334","538319","8411664956","2019-04-15 07:27:49","Active",""
"2","2","ila50","fondricka@example.org","Leonor","Thiel","5351 Boyle Crossroad Judyberg, ID 90398","Vivaberg","590","509171","3793958041","2019-04-15 07:27:49","Active","16-Apr-2019 06:25"
"3","3","dohara","oquitzon@example.net","Tevin","Mertz","337 Jennifer Ferry East Magdalenfort, MS 73217","South Desireefort","122","442950","2153377149","2019-04-15 07:27:49","Active","15-Apr-2019 10:01"
"4","4","conor.effertz","hfeeney@example.net","Rey","Kassulke","4707 Evan Inlet Abshireborough, OR 32912-0459","Farrellchester","453","985911","8135160562","2019-04-15 07:27:49","Active",""
"5","5","tlockman","bergnaum.caesar@example.net","Jovanny","Hane","520 Ike Throughway Breitenbergmouth, PA 32913","East Kearaport","979","537529","5173544181","2019-04-15 07:27:49","Active",""
"6","6","tina.nader","ferry.ryleigh@example.org","Lesley","Welch","1589 Cristina Parkways East Hosea, SC 62182-2703","Dooleystad","221","52565","5174780068","2019-04-15 07:27:49","Active",""
"7","7","roslyn02","batz.linwood@example.net","Jaunita","Blick","1806 Durgan Land Suite 325 Alfhaven, NH 29649","West Kentonburgh","350","436953","8452267634","2019-04-15 07:27:49","Active",""
"8","8","douglas.benny","tyrese57@example.net","Mayra","Langosh","8257 Bode Shore Suite 269 Port Garret, CO 90912-0321","Murraymouth","439","872971","7625081687","2019-04-15 07:27:49","Active",""
"9","9","estella95","esperanza68@example.org","Emmett","Windler","86770 Grady Spur Apt. 499 Lake Rhoda, CT 87407-7606","North Ambrose","240","60922","5685198770","2019-04-15 07:27:49","Active",""
"10","10","gibson.amalia","ceasar.wisozk@example.net","Camylle","Lynch","66711 Raoul Crossing Myrtlemouth, SD 03376-4669","Robynchester","453","685463","2332163944","2019-04-15 07:27:49","Active",""
"11","11","harmon.jerde","tdamore@example.net","Grayce","Pacocha","4937 Maxie Harbors West Mablechester, CO 77731","North Angiefort","501","679195","3639705980","2019-04-15 07:27:49","Active",""
"12","12","reichel.bridgette","araceli.connelly@example.org","Alexandre","Kshlerin","95108 Tina Valley New Angusmouth, AZ 47964","South Mohamed","457","746875","8471519061","2019-04-15 07:27:49","Active",""
"13","13","elisha.bergstrom","rolfson.hobart@example.net","Kavon","Rau","47982 Swift Junctions Apt. 203 Rueckerfort, CA 40541-8727","Maudieport","74","291012","2317085549","2019-04-15 07:27:49","Active",""
"14","14","lynn.hegmann","efarrell@example.net","Cleveland","Schmitt","54848 Kattie Burgs Suite 034 West Reyes, NM 57604","Westhaven","192","125184","1963504599","2019-04-15 07:27:49","Active",""
"15","15","lonzo11","pjast@example.org","Jamarcus","Connelly","2478 Wintheiser Cape Suite 551 Lake Josiahmouth, NV 71829-1729","South Desmondmouth","225","754017","6200864464","2019-04-15 07:27:50","Active",""
"16","16","aliza.hessel","xmcclure@example.com","Natalie","Runolfsdottir","34330 Lind Corners Port Gregory, RI 15988-2950","North Marguerite","225","184370","8625954444","2019-04-15 07:27:50","Active",""
"17","17","ada.lockman","baumbach.oran@example.net","Donald","Yundt","26348 Friesen Trace New Enosstad, SC 71233","Sinceremouth","641","704635","2935899879","2019-04-15 07:27:50","Active",""
"18","18","barton.murazik","block.lilyan@example.org","Arianna","Roob","8110 Abshire Views Apt. 802 Websterstad, UT 57511-8430","Port Dillan","142","647110","6531147636","2019-04-15 07:27:50","Active",""
"19","19","berenice.nikolaus","damore.thea@example.org","Albina","Roberts","9218 Reed Crescent New Loyce, PA 89874-7210","Port Curtis","201","498102","1847419904","2019-04-15 07:27:50","Active",""
"20","20","treutel.lorenz","onicolas@example.com","Amanda","Bosco","864 Chanel Curve Apt. 117 Wilburnmouth, WV 35613-4039","Ernestville","153","691058","9596885755","2019-04-15 07:27:50","Active",""
"21","21","dstoltenberg","dwolf@example.net","Nichole","Swaniawski","3332 Hyatt Harbor Suite 664 Swaniawskiville, CO 81651-5372","Karianneborough","792","208405","2261259108","2019-04-15 07:27:50","Active",""
"22","22","ikoepp","rmcglynn@example.net","Chelsea","Koelpin","9191 Miguel Street Lake Drewfurt, KY 08942-2364","Lake Wilber","492","249804","3721210079","2019-04-15 07:27:50","Active",""
"23","23","lester34","hintz.junius@example.net","Dalton","Hodkiewicz","4921 King Plaza Kutchside, NJ 47502","Dooleyton","706","353304","5005981852","2019-04-15 07:27:50","Active",""
"24","24","grant.jordy","bosco.romaine@example.org","Moshe","Crist","3293 Wuckert Parkway South Annetteberg, NJ 40427-4941","North Clairfort","456","611400","9335451676","2019-04-15 07:27:50","Active",""
"25","25","hilpert.roosevelt","jada18@example.org","Edwin","Kassulke","840 Luigi Highway Noemiefurt, NH 34768-3756","Lake Connieland","736","295760","2910888381","2019-04-15 07:27:50","Active",""
"26","26","cmertz","rath.aida@example.net","Wilton","Smitham","2521 Jonatan Crossroad Delaneymouth, WY 49914-0323","Macyside","754","469453","9372878786","2019-04-15 07:27:50","Active",""
"27","27","elton60","plittel@example.com","Monte","Osinski","11148 Brandyn Fords Suite 477 Raynorton, VA 82320","Brodychester","412","86777","1234253914","2019-04-15 07:27:50","Active",""
"28","28","htorp","vicky.stiedemann@example.net","Lewis","Bruen","954 Hertha Loop Alvaside, AZ 59597-1287","Lake Royalbury","980","826118","2110173810","2019-04-15 07:27:50","Active",""
"29","29","witting.nella","estrella.macejkovic@example.org","Isidro","Reichel","1117 Jacynthe Passage Port Abraham, PA 34246","Gerholdport","347","158819","7019821950","2019-04-15 07:27:50","Active",""
"30","30","jayme60","durward29@example.net","Arlene","Bergstrom","5974 Hessel Street Lake Susanamouth, OH 91344-9176","Lake Monserrateshire","609","555726","4993143313","2019-04-15 07:27:50","Active",""
"31","31","pamela76","nnienow@example.net","Moshe","Barrows","49169 Dortha Mission Suite 143 Pfefferbury, WI 62332-4717","Robbfurt","519","25448","5504304355","2019-04-15 07:27:50","Active",""
"32","32","bobbie64","stoltenberg.rhea@example.com","Porter","Torphy","68366 Pfeffer Key North Ashlee, SD 34448","Sanfordton","121","415521","5573537665","2019-04-15 07:27:50","Active",""
"33","33","king.cristian","uweissnat@example.com","Shad","Kub","428 D'Amore Village Port Nina, CA 88415-4880","Rosarioton","593","815016","3786115414","2019-04-15 07:27:50","Active",""
"34","34","everette.wilderman","ritchie.marcellus@example.com","Vaughn","Armstrong","5394 Klein Views Apt. 617 East Wiley, WI 38677","Port Rosina","767","430660","5369461070","2019-04-15 07:27:50","Active",""
"35","35","zkautzer","phansen@example.org","Greta","Turner","71254 Justine Locks Lake Keenan, DC 62385-3024","South Katharinaville","414","621417","9548148019","2019-04-15 07:27:51","Active",""
"36","36","elwyn.stokes","ward.thiel@example.org","Lauretta","Buckridge","591 Esther Springs Suite 298 New Stevie, AK 28262-5894","Candiceport","211","26024","2352334965","2019-04-15 07:27:51","Active",""
"37","37","kailyn.hirthe","emilio94@example.net","Aida","Ritchie","85984 Barton Fork New Gillian, FL 51217","Spinkamouth","452","471203","8236744966","2019-04-15 07:27:51","Active",""
"38","38","ebailey","marisol74@example.net","Joseph","O'Keefe","41942 Triston Glens West Xzaviertown, MN 58423-6834","Pamelaview","692","556297","5347587654","2019-04-15 07:27:51","Active",""
"39","39","weber.skye","spencer.lemke@example.com","Reuben","Goodwin","31441 Kerluke Mount Apt. 072 New Vincenzatown, OR 15398","Konopelskimouth","731","436117","5822024302","2019-04-15 07:27:51","Active",""
"40","40","corkery.alejandra","shaylee87@example.org","Andreane","Predovic","27340 Romaguera Manors Suite 008 Weberfurt, MO 32513","Ziemannborough","279","427509","3506858350","2019-04-15 07:27:51","Active",""
"41","41","qfranecki","aschinner@example.com","Bo","Pagac","765 Nannie Mountains Apt. 776 Verdiehaven, NY 72159-7728","Ephraimhaven","296","388957","2629395260","2019-04-15 07:27:51","Active",""
"42","42","mortimer31","lcrooks@example.com","Carolanne","Franecki","68348 Kane Stream Apt. 606 West Miles, IA 80216-5912","Buckridgeville","200","483357","6664584683","2019-04-15 07:27:51","Active",""
"43","43","cartwright.adele","natasha62@example.net","Triston","Dickinson","7462 Torrey Highway East Gwen, DE 40573-7597","Mayerland","526","689173","9757985015","2019-04-15 07:27:51","Active",""
"44","44","fidel16","dicki.amani@example.net","Jaleel","Doyle","698 Schiller Estates Apt. 279 North Rosetta, NM 73363","West Julianaview","306","806652","6770710243","2019-04-15 07:27:51","Active",""
"45","45","bernita12","sromaguera@example.org","Jaydon","Dibbert","8125 Herman Manors West Darrick, MN 40544","Jayberg","382","692275","6839910091","2019-04-15 07:27:51","Active",""
"46","46","claudie.williamson","connelly.jovan@example.net","Virgil","Douglas","511 Fabiola Green Kuphalchester, MD 17640-0245","Bodeview","364","584382","6256225695","2019-04-15 07:27:51","Active",""
"47","47","arno.kautzer","alejandrin.pagac@example.org","Trace","Rowe","6382 Torrance Harbor Suite 898 Kearaland, WY 70973-9599","New Enid","890","549765","6774960845","2019-04-15 07:27:51","Active",""
"48","48","agaylord","alaina.spencer@example.org","Lisa","Krajcik","60081 Moen Isle Gottliebside, MN 80736-4641","Abigayletown","414","729119","3739673672","2019-04-15 07:27:51","Active",""
"49","49","cordell.cassin","tmraz@example.com","Rafael","Boyle","4989 Owen Junctions Apt. 517 Hoegermouth, UT 56804-5559","East Cheyannetown","847","348092","3504207926","2019-04-15 07:27:51","Active",""
"50","50","nadia.kuvalis","pfranecki@example.org","Jade","Kozey","334 Jerrell Throughway Suite 177 Joshuahtown, TN 58570","Port Benedictstad","680","929275","3006092163","2019-04-15 07:27:51","InActive",""
"51","51","abhijeet","abhijeet@yahoo.in","meghag","sharmag","203 bhoapl","pune","102","208890","8871248115","2019-04-15 07:31:18","InActive",""
"52","52","abhijeet34","hi@yahoo.com","meghag","sharmag","203 bhoapl","pune","102","208890","8871248119","2019-04-15 07:33:44","InActive",""
"53","53","abhijeetfgi","h555@yahoo23.com","meghag","sharmag","203 bhoapl","bhopal","102","208890","1234567891","2019-04-15 07:35:01","InActive",""
"","Sr No","Field Name","Old Value","New Value","Modified By","","","","","","","",""
"","1","username","abhijeet345","abhijeetfgi","lang.delbert","","","","","","","",""
"","2","email","h55i@yahoo.com","h555@yahoo23.com","lang.delbert","","","","","","","",""
"","3","city","pune","bhopal","lang.delbert","","","","","","","",""
"","4","telephone_number","8871248118","1234567891","lang.delbert","","","","","","","",""
"","","","","","","","","","","","","",""
"54","54","abhijeet34556","h55i@yahoo23.com","meghag","sharmag","203 bhoapl","pune","102","208890","8871248112","2019-04-15 07:36:24","InActive",""
"55","55","lopa","lopa@123.com","meghalopa","sharmag","203 bhoapl","bamgalote","102","208890","7894561230","2019-04-15 09:29:47","InActive",""
"56","57","abhijeet123","abhijeet@gmail.com","meghag","sharmag","203 bhoapl","pune","102","208890","88712481321","2019-04-15 09:42:46","InActive",""
"57","58","lopa123","lopamukherjee@gmail.com","meghalopa1","sharmag1","203 bhoapl","bamgalote","102","208890","7894561456","2019-04-15 09:46:08","InActive",""
"58","59","lopa1234","lopamukheree@gmail.com","meghalopa1","sharmag1","203 bhoapl","bamgalote","102","208890","7894561457","2019-04-15 09:47:45","InActive",""
"59","60","lopa12347","lopaueree@gmail.com","meghalopa1","sharmag1","203 bhoapl","bamgalote","102","208890","7894561458","2019-04-15 09:51:41","InActive",""
"60","61","lopa1245","loperee@gmail.com","meghalopa1","sharmag1","203 bhoapl","bamgalote","102","208890","7894561459","2019-04-15 09:54:32","InActive",""
